hc-key,al,at,be,bg,cy,cz,de,dk,ee,fi,fr,gr,hr,hu,is,ie,it,lt,lu,lv,me,mk,mt,nl,pl,pt,ro,rs,si,sk,es,se,tr,gb
01/11/2007,,24.74105419,20.58777886,17.17495394,19.48584,29.93347197,35.38767396,12.80115115,11.4031917,21.86549855,23.89987452,24.5681,48.7069,26.07484,,18.45048659,27.77755981,17.05702756,16.43928287,27.03055666,,17.0911001,18.806,21.07060697,15.89385,25.26197,17.99641,,23.625778,21.39893428,19.81849,22.54153539,18.78984064,36.99035843