hc-key,al,at,be,bg,cy,cz,de,dk,ee,fi,fr,gr,hr,hu,is,ie,it,lt,lu,lv,me,mk,mt,nl,pl,pt,ro,rs,si,sk,es,se,tr,gb
01/05/2015,10.0074,38.75545543,29.3636785,25.09742239,52.44,34.65319295,26.66823462,16.14577451,13.00692308,10.54675222,43.42160481,43.80930931,33.54907738,24.59579147,,32.12376228,39.82131323,14.97467597,18.8953373,26.09804975,22.90233962,15.13184834,10.2569246,23.90037624,28.52456914,40.24041,19.7604568,25.97976355,47.12015873,31.05323501,49.62213573,16.25466731,8.387356436,35.70692802