hc-key,al,at,be,bg,cy,cz,de,dk,ee,fi,fr,gr,hr,hu,is,ie,it,lt,lu,lv,me,mk,mt,nl,pl,pt,ro,rs,si,sk,es,se,tr,gb
01/11/2008,,27.40140578,29.83462076,19.04360835,15.16065606,29.70665692,32.34974954,11.98051506,17.81776,17.41956175,33.02141188,36.20453,51.33922,32.54852295,,29.23376,39.62571159,25.48203759,19.87892,36.1594511,,24.1314668,13.10616,13.18182517,24.58186,28.69977,21.05764482,,27.78581511,16.46005964,25.21414,18.92835329,33.39129611,43.15155497