hc-key,al,at,be,bg,cy,cz,de,dk,ee,fi,fr,gr,hr,hu,is,ie,it,lt,lu,lv,me,mk,mt,nl,pl,pt,ro,rs,si,sk,es,se,tr,gb
01/06/2009,,27.24520197,30.53534079,21.05645161,20.07538614,35.38646252,32.43840237,14.5420751,19.76200795,24.19824111,36.61888247,39.83023,56.60234,35.88167331,,30.56259443,30.4946332,20.0567815,8.446471698,38.16921627,,25.47761905,15.22382,20.83407,27.95387,25.59749505,23.06449605,,39.83571146,18.16448826,32.16046906,20.85191011,20.92317413,50.22980207