hc-key,al,at,be,bg,cy,cz,de,dk,ee,fi,fr,gr,hr,hu,is,ie,it,lt,lu,lv,me,mk,mt,nl,pl,pt,ro,rs,si,sk,es,se,tr,gb
01/05/2005,,26.6885,24.70072,20.74931729,14.85350495,32.32059095,38.09240783,13.00683159,20.89605894,20.49663086,36.63030534,26.370154,47.083462,23.49835533,,22.73194831,26.47687849,20.87471286,15.01182738,22.41898522,,,18.611512,25.99881412,28.16337,24.28274627,14.95656375,,27.57936746,26.01606498,31.07985352,32.82830078,10.84776219,34.81881544