hc-key,al,at,be,bg,cy,cz,de,dk,ee,fi,fr,gr,hr,hu,is,ie,it,lt,lu,lv,me,mk,mt,nl,pl,pt,ro,rs,si,sk,es,se,tr,gb
01/05/2006,,20.75722714,25.92631373,19.47340197,12.41809467,24.97509363,36.47650531,10.25339286,18.86298703,21.52657058,38.11495392,25.438232,42.52637,12.61620784,,20.25594217,21.039663,20.70192444,14.66623062,30.53124754,,,23.913426,21.33358176,22.143627,23.3741018,15.94641588,,26.29021684,24.85194805,25.71912438,26.37197345,15.608599,35.9119984