hc-key,al,at,be,bg,cy,cz,de,dk,ee,fi,fr,gr,hr,hu,is,ie,it,lt,lu,lv,me,mk,mt,nl,pl,pt,ro,rs,si,sk,es,se,tr,gb
01/11/2005,,30.99823529,27.81666016,17.68604695,14.93207769,31.39638243,39.03867679,13.58569767,16.873753,23.71638132,37.77769871,23.635213,42.853607,20.7155775,,19.23739088,25.807477,22.04620098,13.70608235,32.63615682,,,17.554388,25.324122,24.317309,22.36376869,16.361866,,29.24093424,27.86058394,26.65870936,32.03480252,11.43806965,34.4514022