hc-key,al,at,be,bg,cy,cz,de,dk,ee,fi,fr,gr,hr,hu,is,ie,it,lt,lu,lv,me,mk,mt,nl,pl,pt,ro,rs,si,sk,es,se,tr,gb
01/11/2004,,16.2611281,15.9423306,14.01648008,11.798206,19.56911628,29.51456311,10.47427043,10.316422,17.5421791,23.15811471,16.246254,30.969588,16.51313274,,12.569091,16.57993529,9.021958084,12.42789243,15.92179104,,,10.360312,18.39112289,19.14394,14.04311,7.019051383,,16.760554,17.78825879,16.43584555,23.534319,8.069178189,25.02031328