hc-key,al,at,be,bg,cy,cz,de,dk,ee,fi,fr,gr,hr,hu,is,ie,it,lt,lu,lv,me,mk,mt,nl,pl,pt,ro,rs,si,sk,es,se,tr,gb
01/11/2009,,26.84633981,32.58192843,12.39725198,19.25620553,28.47322917,31.53832107,15.84681909,16.48643713,25.87920432,40.10776119,29.34118,52.16644,29.58069404,,32.31281899,25.27387066,23.81099707,11.42414343,39.5515507,,21.004199,22.32306,21.39783865,26.68963,18.77866341,18.22030362,,39.24637438,19.72941346,30.67039216,22.09534884,25.53911178,52.11491172