hc-key,al,at,be,bg,cy,cz,de,dk,ee,fi,fr,gr,hr,hu,is,ie,it,lt,lu,lv,me,mk,mt,nl,pl,pt,ro,rs,si,sk,es,se,tr,gb
01/10/2006,,26.14906496,22.23067797,19.66980676,16.28856859,24.91734189,39.36034039,14.27006979,13.91852,23.14428,36.02469712,22.65844,46.08589,21.67351244,,20.68747,30.52292247,18.26051,17.1732,25.71436453,,,16.68834,20.52821218,20.72342,23.99497487,15.89712512,,19.35894277,18.372913,25.57423729,19.92159921,19.29802985,38.68780872