hc-key,al,at,be,bg,cy,cz,de,dk,ee,fi,fr,gr,hr,hu,is,ie,it,lt,lu,lv,me,mk,mt,nl,pl,pt,ro,rs,si,sk,es,se,tr,gb
01/05/2008,,28.98925,23.32254237,16.48388,11.81035714,27.19149901,35.86861884,12.10577114,12.76409543,20.65278884,30.97672115,29.73101,44.85199,29.16258,,15.79505976,30.84194716,19.46481881,22.00175649,32.72333333,,17.07662028,14.42024,17.87338136,19.06067,24.25277722,15.90233562,,22.13635095,15.69186175,14.98902227,22.54499503,27.98464606,45.69791294